Id	Product	Stock	Price
19001	Handuk	200	"Rp150,000.00"
19002	Sprei	190	"Rp200,000.00"
19003	Kemeja	200	"Rp144,000.00"
19004	Celana	190	"Rp150,000.00"
19005	Kaos	200	"Rp50,000.00"
19006	Topi	190	"Rp100,000.00"
19007	Masker	200	"Rp60,000.00"
19008	Spidol	190	"Rp10,000.00"
19009	Pena	200	"Rp5,000.00"
19010	Pensil	190	"Rp5,000.00"
19011	Amplop	200	"Rp1,000.00"
19012	Map	190	"Rp1,000.00"
19013	Dompet	200	"Rp125,000.00"
19014	Kemoceng	190	"Rp26,000.00"
19015	Sapu	200	"Rp20,500.00"
19016	Pengki	190	"Rp16,900.00"
